kumarB,kumarbitch
AlexeiC,password
Bgeorges,password
MM7,password
Dante4,password
AR10,password
alice123,password
kumarBC,password
SanAlex12,password
BlackmoreBC,password
AriaN,password
JF,password
lyraB,password
OChan,password
step123,password
Atan1,password
LunaW,password
MCHEN12,password
kanisDavi,password
Ycheng6,password
EmberM,password
ckim123,password
TomLim,password
tony9,password
ThomasC,password
ryanl,password
BENN,password
ASH54,password
aaw09,password
DANTE4,password
giveusA,password
AlexO,password
DANTE4,password
giveusA,password
